12 Labours of Hercules IV: Mother Nature;1
12 Labours of Hercules V: Kids of Hellas;4
2064: Read Only Memories;4
A Boy and His Blob;3
ABC Coloring Town;2
Absconding Zatwor;3
Action Henk;3
After The End: The Harvest;3
Alien Attack: In Space;2
ANKI;3
Balloon Blowout;3
Barnyard Mahjong 3;3
Bayla Bunny;3
Between Me and The Night;6
Beyond Eyes;3
Big Journey to Home;2
Big Pharma;6
BioShock 2 Remastered;3
BioShock Remastered;3
Block Blowout;3
Break Into Zatwor;3
Broforce;6
Bubble Blowout;3
Cargo Commander;2
Chess Knight 2;3
Clergy Splode;1
Cosmic Dust & Rust;2
Cosmic Leap;3
Crawl;3
Cross of the Dutchman;3
Crypt of the NecroDancer;2
Crystals of Time;3
Cubium Dreams;3
D4: Dark Dreams Don't Die;2
DAMAGE CONTROL;3
Darksiders Warmastered Edition;6
Data Hacker: Reboot;3
Dead Effect 2;4
Dead State;5
Deponia Doomsday;4
Dessert Storm;3
Divekick;7
Door Kickers;4
Dragon's Dogma: Dark Arisen;4
Dungeon Defenders;4
Eaten Alive;2
Enemy Mind;1
Enola;4
Epistory - Typing Chronicles;3
Fabulous Food Truck;3
Fantastic 4 In A Row 2;3
Fantastic Checkers 2;3
Fiends of Imprisonment;3
Flesh Eaters;3
Fran Bow;4
Frederic: Evil Strikes Back;3
Frederic: Resurrection of Music;3
Frozen Synapse;4
GALAK-Z;5
Grow Home;1
Kitty Cat: Jigsaw Puzzles;1
Mad Max;3
Penarium;3
Pepe Porcupine;3
Pester;3
Pineview Drive;3
Pirate Pop Plus;3
Pixel Puzzles Ultimate;1
Pixel Puzzles: UndeadZ;6
PixelJunk™ Shooter;3
Planetary Annihilation;6
PONCHO;4
Pongo;3
Poof;3
Pulse Shift;4
Puppy Dog: Jigsaw Puzzles;3
Puzzles At Mystery Manor;3
Puzzles Under The Hill;3
Real Boxing™;5
Red Lake;3
Resident Evil 5 / Biohazard 5;2
Rhythm Destruction;3
Riff Racer;5
Robo's World: The Zarnok Fortress;3
Robotex;3
Rock 'N' Roll Defense;3
Rolling Sun;3
Rooks Keep;3
Rubber and Lead;3
Runestone Keeper;3
Rust;3
Ryse: Son of Rome;1
Saints Row: Gat out of Hell;1
Saviors;3
Schein;3
Scott in Space;3
SEGA Mega Drive & Genesis Classics;5
Sentinels of the Multiverse;5
Serious Sam HD: The First Encounter;4
Serious Sam HD: The Second Encounter;4
Shadow Complex Remastered;4
Shadowrun Chronicles - Boston Lockdown;3
Shank 2;1
Shantae: Risky's Revenge - Director's Cut;6
Shattered Planet;4
Shelter 2;3
Showtime!;4
Sid Meier's Civilization: Beyond Earth;3
Silver Knight;3
Sinister City;3
Sixtieth Kilometer;2
Skullgirls;7
Slime Rancher;1
Solstice;4
Space Pilgrim Episode I: Alpha Centauri;3
SpaceChem;3
Sparkle 2 Evo;3
Sparkle 3 Genesis;3
Spectrubes;3
SpeedRunners;3
Spirits;3
Star Chronicles: Delta Quadrant;3
Star Drifter;3
Stardew Valley;2
Stealth Inc 2;3
SteamWorld Dig;3
Stellar 2D;3
Stikbold!;4
Strider;2
Strife: Veteran Edition;4
Styx: Master of Shadows;2
Super Mega Neo Pug;3
Super Mustache;3
Super Space Pug;3
Superstatic;3
Sweet Candy Mahjong;3
Talisman: Digital Edition;4
Talisman: Prologue;4
Technobabylon;3
Teddy Floppy Ear - The Race;2
Tharsis;5
The 39 Steps;3
The Bureau: XCOM Declassified;3
The Escapists;3
The Flame in the Flood;3
The Hat Man: Shadow Ward;3
The Hidden Dragon;3
The Howler;3
The Journey Down: Chapter One;3
The Journey Down: Chapter Two;3
The Lost Souls;2
The Magic Circle;2
The Vanishing of Ethan Carter;3
They Came From The Moon;5
This War of Mine;3
Timberman;2
Tiny Bridge: Ratventure;3
Titan Quest Anniversary Edition;5
TowerFall Ascension;4
Train Valley;6
Trinium Wars;5
Tropico 4;4
Trouble In The Manor;3
Turbo Pug;3
Turmoil;4
Ultimate General: Gettysburg;3
Ultimate Word Search 2: Letter Boxed;3
Uncanny Valley;3
Valhalla Hills;3
Victor Vran;4
Violett;3
Viscera Cleanup Detail;3
Volume;3
Warhammer: End Times - Vermintide;3
Warmachine Tactics;4
Warriors' Wrath;4
Wasteland 2;3
Waveform;3
Western Press;3
Where's My What?;3
Why So Evil;4
Why So Evil 2: Dystopia;5
Wooden Sen'SeY;3
X-Blades;6
XCOM 2;5
